Node_Name,Individual_ID,Prompt_Text,Fitness_Score,Status,Rank_in_Node,Generation,Timestamp
cot_prefix_node,cot_prefix_node_3,Let's think step by step.,0.680000,Best,1,0,2025-08-04T14:14:42.990523
cot_prefix_node,cot_prefix_node_7,Let’s think about this logically.,0.660000,Survivor,2,0,2025-08-04T14:14:42.990523
cot_prefix_node,cot_prefix_node_4,We'll methodically work through this problem together.,0.640000,Survivor,3,0,2025-08-04T14:14:42.990523
cot_prefix_node,cot_prefix_node_0,The answer is after the proof.,0.620000,Survivor,4,0,2025-08-04T14:14:42.990523
cot_prefix_node,cot_prefix_node_1,"First,",0.620000,Survivor,5,0,2025-08-04T14:14:42.990523
cot_prefix_node,cot_prefix_node_5,"Before we dive into the answer,",0.580000,Survivor,6,0,2025-08-04T14:14:42.990523
cot_prefix_node,cot_prefix_node_6,Let's break this problem down step by step.,0.580000,Survivor,7,0,2025-08-04T14:14:42.990523
cot_prefix_node,cot_prefix_node_9,Let’s think,0.580000,Survivor,8,0,2025-08-04T14:14:42.990523
cot_prefix_node,cot_prefix_node_8,Let’s work this out in a step by step way to be sure we have the right answer.,0.560000,Survivor,9,0,2025-08-04T14:14:42.990523
cot_prefix_node,cot_prefix_node_2,Let’s solve this problem by splitting it into steps.,0.460000,Survivor,10,0,2025-08-04T14:14:42.990523
