Metric,Value,Timestamp
Algorithm,GA,2025-08-04T14:19:54.913858
Population_Size,10,2025-08-04T14:19:54.913858
Iterations,10,2025-08-04T14:19:54.913858
Combination_Sample_Size,,2025-08-04T14:19:54.913858
Best_cot_prefix_node,"<composite_prompt>
  Let's collaboratively deconstruct and analyze this issue meticulously. Together, we will systematically untangle this challenge.
</composite_prompt>",2025-08-04T14:19:54.913858
Gen_0_cot_prefix_node_Best,0.680000,2025-08-04T14:19:54.913858
Gen_0_cot_prefix_node_Avg,0.598000,2025-08-04T14:19:54.913858
Gen_1_cot_prefix_node_Best,0.680000,2025-08-04T14:19:54.913858
Gen_1_cot_prefix_node_Avg,0.590000,2025-08-04T14:19:54.913858
Gen_2_cot_prefix_node_Best,0.680000,2025-08-04T14:19:54.913858
Gen_2_cot_prefix_node_Avg,0.602000,2025-08-04T14:19:54.913858
Gen_3_cot_prefix_node_Best,0.680000,2025-08-04T14:19:54.913858
Gen_3_cot_prefix_node_Avg,0.610000,2025-08-04T14:19:54.913858
Gen_4_cot_prefix_node_Best,0.680000,2025-08-04T14:19:54.913858
Gen_4_cot_prefix_node_Avg,0.624000,2025-08-04T14:19:54.913858
Gen_5_cot_prefix_node_Best,0.700000,2025-08-04T14:19:54.913858
Gen_5_cot_prefix_node_Avg,0.670000,2025-08-04T14:19:54.913858
Gen_6_cot_prefix_node_Best,0.700000,2025-08-04T14:19:54.913858
Gen_6_cot_prefix_node_Avg,0.682000,2025-08-04T14:19:54.913858
Gen_7_cot_prefix_node_Best,0.760000,2025-08-04T14:19:54.913858
Gen_7_cot_prefix_node_Avg,0.696000,2025-08-04T14:19:54.913858
Gen_8_cot_prefix_node_Best,0.760000,2025-08-04T14:19:54.913858
Gen_8_cot_prefix_node_Avg,0.706000,2025-08-04T14:19:54.913858
Gen_9_cot_prefix_node_Best,0.740000,2025-08-04T14:19:54.913858
Gen_9_cot_prefix_node_Avg,0.706000,2025-08-04T14:19:54.913858
Gen_10_cot_prefix_node_Best,0.740000,2025-08-04T14:19:54.913858
Gen_10_cot_prefix_node_Avg,0.708000,2025-08-04T14:19:54.913858
