关键词,新闻标题,新闻内容,发布时间,文章来源,新闻链接
300750,宁德时代涨超3.0%，新能车ETF(515700)涨超1.7%冲击5连涨,中证新能源汽车产业指数(930997)前十大权重股分别为宁德时代300750、汇川技术(300124)、比亚迪(002594,2025-07-22 11:30:39,界面新闻,http://finance.eastmoney.com/a/202507223463890523.html
300750,反内卷推动行业加快出清，A500ETF基金(512050)冲击四连阳,数(000510)前十大权重股分别为贵州茅台(600519)、宁德时代300750、,2025-07-22 14:53:31,界面新闻,http://finance.eastmoney.com/a/202507223464068981.html
300750,33股获融资客大手笔净买入,宁德时代3.1215077.34674471.250.62电力设备002916深南电路7.3314321.66117783.101.25,2025-07-22 09:55:09,证券时报网,http://finance.eastmoney.com/a/202507223463801659.html
300750,碳中和ETF基金(159885)上涨近2%，全国碳市场累计成交额超462亿元,日，中证内地低碳经济主题指数(000977)前十大权重股分别为宁德时代300750、长江电力,2025-07-22 14:03:27,界面新闻,http://finance.eastmoney.com/a/202507223464027742.html
300750,深沪北百元股排行榜,宁德时代286.662.500.85电力设备300033同花顺282.522.014.70计算机688027国盾量子267.40,2025-07-22 17:36:36,证券时报网,http://finance.eastmoney.com/a/202507223464226437.html
300750,21股特大单净流入资金超2亿元,411金盾股份16.0820.003.64机械设备300750宁德时代286.662.503.64电力设备68807,2025-07-22 19:04:03,证券时报网,http://finance.eastmoney.com/a/202507223464290789.html
300750,主动权益基金二季度重仓股出炉：腾讯蝉联第一，小米、新易盛新进前十,宁德时代（300750）、贵州茅台（600519）依旧为第二、第三大重仓股；美的集团（000333）、紫金矿业（601899,2025-07-22 15:47:36,澎湃新闻,http://finance.eastmoney.com/a/202507223464101415.html
300750,《财富》中国500强：强者恒强？,动力电池龙头宁德时代（300750）受原材料降价拖累，排名下滑9位至第77名；“宁王”营收亦近五年来首次同比下滑9.70%,2025-07-22 18:56:12,财中社,http://finance.eastmoney.com/a/202507223464282672.html
300750,主力动向：7月21日特大单净流入17.20亿元,称收盘价（元）涨跌幅（%）特大单净流入（亿元）行业300750宁德时代279.663.1210.34,2025-07-21 20:13:32,证券时报网,http://finance.eastmoney.com/a/202507213463050349.html
300750,重回增势！上半年中国锂电池出口额创历史同期新高,今年以来，已有包括宁德时代300750.SZ)、比亚迪(002594.SZ)、瑞浦兰钧(00666.HK)在内的多家中国电池企业官宣获得海外大单,2025-07-22 09:09:33,界面新闻,http://finance.eastmoney.com/a/202507223463566672.html
300750,深沪北百元股排行榜,宁德时代279.663.120.83电力设备300033同花顺276.950.682.67计算机688027国盾量子269.50,2025-07-21 17:25:51,证券时报网,http://finance.eastmoney.com/a/202507213462868553.html
300750,电力设备行业今日涨2.06%，主力资金净流入31.93亿元,日涨跌幅（%）今日换手率（%）主力资金流量（万元）300750宁德时代3.120.83114486.09600580,2025-07-21 17:28:45,证券时报网,http://finance.eastmoney.com/a/202507213462884191.html
300750,碳中和ETF基金(159885)涨超1%，甘肃出台容量电价政策,数(000977)前十大权重股分别为长江电力(600900)、宁德时代300750、,2025-07-21 15:21:31,界面新闻,http://finance.eastmoney.com/a/202507213462719314.html
300750,宁德时代港股股价再创新高，A股突破280元关口,高盛上月发布研报称，重申对宁德时代A股300750.SZ)的“买入”评级及323元人民币目标价，并首予宁德时代H股(03750,2025-07-21 13:15:20,界面新闻,http://finance.eastmoney.com/a/202507213462643063.html
300750,A500ETF基金(512050)成分股掀涨停潮，工信部将实施重点行业稳增长行动,数(000510)前十大权重股分别为贵州茅台(600519)、宁德时代300750、,2025-07-21 13:39:23,界面新闻,http://finance.eastmoney.com/a/202507213462662822.html
300750,反内卷+雅下工程开工！新材料ETF指数基金(516890)冲击3连涨,数(H30597)前十大权重股分别为北方华创(002371)、宁德时代300750、,2025-07-21 13:38:53,界面新闻,http://finance.eastmoney.com/a/202507213462660231.html
300750,行业盛会接至，智能汽车热度持续攀升，智能车ETF泰康(159720)冲击5连涨！锚定智能汽车黄金赛道，共享产业爆发红利,指数中证智能电动汽车指数(H11052)上涨0.42%，成分股宁德时代300750上涨2.64%，中科创达(300496,2025-07-21 13:25:32,界面新闻,http://finance.eastmoney.com/a/202507213462650245.html
300750,监管关注新能源汽车竞争秩序，新能车ETF(515700)冲击4连涨,0日，中证新能源汽车产业指数(930997)前十大权重股分别为宁德时代300750、汇川技术,2025-07-21 10:15:01,界面新闻,http://finance.eastmoney.com/a/202507213462518753.html
300750,总投资约1.2万亿！雅鲁藏布江下游水电工程启幕，碳中和ETF泰康(560560)精准布局，助力把握万亿级投资机遇,089)上涨4.23%，福莱特(601865)上涨2.12%，宁德时代300750上涨2.10%，,2025-07-21 10:15:17,界面新闻,http://finance.eastmoney.com/a/202507213462522014.html
300750,100观察｜吉利汽车将全资控股极氪：品牌深度整合成为“降本增效”最优解,重要合作 宁德时代（SZ 300750）：与必和必拓签署合作备忘录近日，宁德时代与综合性资源公司必和必拓（BHP）,2025-07-19 22:23:54,每日经济新闻,http://finance.eastmoney.com/a/202507193461869230.html
300750,中欧基金葛兰二季度加仓科伦药业、三生制药，业绩回暖难挡高份额净赎回,中芯国际（688981.SH）、赛力斯（601127.SH）、宁德时代（300750.SZ）、,2025-07-19 16:22:39,澎湃新闻,http://finance.eastmoney.com/a/202507193461837822.html
300750,重拾顺丰，大幅增持中芯国际、小米，银华基金李晓星：重点布局科技与红利,为中芯国际（00981.HK）、小米集团（01810.HK）、宁德时代（300750.SZ）、,2025-07-18 21:42:07,澎湃新闻,http://finance.eastmoney.com/a/202507183461466718.html
300750,9只个股大宗交易超5000万元,宁德时代2.15271.2059.5016136.404271.200.00600104上汽集团-0.3317.86900.0015912.00117.68,2025-07-18 20:27:55,证券时报网,http://finance.eastmoney.com/a/202507183461409729.html
300750,深沪北百元股数量达96只，科创板股票占42.71%,宁德时代271.202.150.57电力设备688027国盾量子270.83-0.090.01通信688235百济神州249.76,2025-07-18 19:16:56,证券时报网,http://finance.eastmoney.com/a/202507183461340544.html
300750,主力动向：7月18日特大单净流出103.22亿元,33.6210.013.78汽车603496恒为科技28.3410.023.75计算机002757南兴股份20.0210.003.25机械设备300750,2025-07-18 19:35:26,证券时报网,http://finance.eastmoney.com/a/202507183461353291.html
300750,大宗交易：飞南资源成交1940.19万元，折价17.76%（07-18）,宁德时代、上汽集团、通富微电、中国平安、齐鲁银行等公司均发生大宗交易，具体情况如下表：沪深京三市大宗交易一览（2025-07,2025-07-18 18:09:16,东方财富Choice数据,http://finance.eastmoney.com/a/202507183461277439.html
300750,大宗交易：明月镜片成交619.2万元，折价10.01%（07-18）,宁德时代4271.20271.200.0059.50万1.61亿2.70600104上汽集团117.6817.86-1.01900.00,2025-07-18 18:05:41,东方财富Choice数据,http://finance.eastmoney.com/a/202507183461271595.html
300750,大宗交易：机构账户卖出太阳能545.4万元（07-18）,福州路证券营业部机构专用数据来源：Choice数据7月18日，宁德时代、上汽集团、,2025-07-18 18:05:50,东方财富Choice数据,http://finance.eastmoney.com/a/202507183461271624.html
300750,大宗交易：美畅股份成交495.36万元，折价19.38%（07-18）,源证券有限公司吉林分公司数据来源：Choice数据7月18日，宁德时代、上汽集团、,2025-07-18 18:05:41,东方财富Choice数据,http://finance.eastmoney.com/a/202507183461271448.html
300750,大宗交易：聚赛龙成交297.78万元，折价10.03%（07-18）,券有限责任公司甘肃分公司数据来源：Choice数据7月18日，宁德时代、上汽集团、,2025-07-18 18:05:41,东方财富Choice数据,http://finance.eastmoney.com/a/202507183461271216.html
300750,大宗交易：机构账户买入圣农发展7402.81万元（07-18）,券股份有限公司福建分公司数据来源：Choice数据7月18日，宁德时代、上汽集团、,2025-07-18 18:06:01,东方财富Choice数据,http://finance.eastmoney.com/a/202507183461272366.html
300750,大宗交易：机构账户买入福赛科技936万元（07-18）,司北京金融大街证券营业部数据来源：Choice数据7月18日，宁德时代、上汽集团、,2025-07-18 18:05:41,东方财富Choice数据,http://finance.eastmoney.com/a/202507183461271382.html
300750,大宗交易：机构账户买入佳发教育302.4万元（07-18）,公司成都航空路证券营业部数据来源：Choice数据7月18日，宁德时代、上汽集团、,2025-07-18 18:06:01,东方财富Choice数据,http://finance.eastmoney.com/a/202507183461272817.html
300750,大宗交易：盟固利成交201.82万元，折价10.36%（07-18）,券股份有限公司天津分公司数据来源：Choice数据7月18日，宁德时代、上汽集团、,2025-07-18 18:05:50,东方财富Choice数据,http://finance.eastmoney.com/a/202507183461271961.html
300750,大宗交易：美邦股份成交1460.77万元，折价18.15%（07-18）,宁德时代、上汽集团、通富微电、中国平安、齐鲁银行等公司均发生大宗交易，具体情况如下表：沪深京三市大宗交易一览（2025-07,2025-07-18 17:18:01,东方财富Choice数据,http://finance.eastmoney.com/a/202507183461216076.html
300750,大宗交易：宁德时代成交1.61亿元，成交均价271.20元（07-18）,宁德时代4271.20271.200.0059.50万1.61亿2.70002299圣农发展115.8216.06-1.49467.94,2025-07-18 16:30:40,东方财富Choice数据,http://finance.eastmoney.com/a/202507183461154668.html
300750,大宗交易：富创精密成交2093.6万元，折价0.49%（07-18）,宁德时代4271.20271.200.0059.50万1.61亿2.70600104上汽集团117.6817.86-1.01900.00,2025-07-18 17:18:03,东方财富Choice数据,http://finance.eastmoney.com/a/202507183461216264.html
300750,大宗交易：中国平安成交1.2亿元，折价10.41%（07-18）,公司榆林肤施路证券营业部数据来源：Choice数据7月18日，宁德时代、上汽集团、,2025-07-18 17:18:18,东方财富Choice数据,http://finance.eastmoney.com/a/202507183461217772.html
300750,大宗交易：机构账户买入青云科技757.9万元（07-18）,深南大道车公庙证券营业部数据来源：Choice数据7月18日，宁德时代、上汽集团、,2025-07-18 17:18:01,东方财富Choice数据,http://finance.eastmoney.com/a/202507183461215036.html
300750,大宗交易：华友钴业成交1851.55万元，成交价38.20元（07-18）,限公司总部(非营业场所)数据来源：Choice数据7月18日，宁德时代、上汽集团、,2025-07-18 17:18:08,东方财富Choice数据,http://finance.eastmoney.com/a/202507183461217367.html
300750,大宗交易：机构账户买入ST逸飞721万元（07-18）,公司武汉中北路证券营业部数据来源：Choice数据7月18日，宁德时代、上汽集团、,2025-07-18 17:18:04,东方财富Choice数据,http://finance.eastmoney.com/a/202507183461216559.html
300750,大宗交易：安井食品成交597.86万元，折价9.60%（07-18）,券股份有限公司河北分公司数据来源：Choice数据7月18日，宁德时代、上汽集团、,2025-07-18 17:18:04,东方财富Choice数据,http://finance.eastmoney.com/a/202507183461216325.html
300750,大宗交易：微芯生物成交1695.75万元，折价17.25%（07-18）,深圳宝安海秀路证券营业部数据来源：Choice数据7月18日，宁德时代、上汽集团、,2025-07-18 17:18:01,东方财富Choice数据,http://finance.eastmoney.com/a/202507183461215363.html
300750,大宗交易：机构账户卖出南网储能424.14万元（07-18）,福州路证券营业部机构专用数据来源：Choice数据7月18日，宁德时代、上汽集团、,2025-07-18 17:18:07,东方财富Choice数据,http://finance.eastmoney.com/a/202507183461217023.html
300750,大宗交易：邮储银行成交284.5万元，成交价5.69元（07-18）,华泰证券股份有限公司总部数据来源：Choice数据7月18日，宁德时代、上汽集团、,2025-07-18 17:18:07,东方财富Choice数据,http://finance.eastmoney.com/a/202507183461216982.html
300750,大宗交易：灿芯股份成交570.5万元，折价1.01%（07-18）,公司上海自贸试验区分公司数据来源：Choice数据7月18日，宁德时代、上汽集团、,2025-07-18 17:18:04,东方财富Choice数据,http://finance.eastmoney.com/a/202507183461216718.html
300750,大宗交易：海天瑞声成交3830万元，折价14.75%（07-18）,宁德时代4271.20271.200.0059.50万1.61亿2.70600104上汽集团117.6817.86-1.01900.00,2025-07-18 17:18:16,东方财富Choice数据,http://finance.eastmoney.com/a/202507183461217593.html
300750,大宗交易：光云科技成交2491.62万元，折价14.95%（07-18）,券股份有限公司海南分公司数据来源：Choice数据7月18日，宁德时代、上汽集团、,2025-07-18 17:18:17,东方财富Choice数据,http://finance.eastmoney.com/a/202507183461217686.html
300750,大宗交易：机构账户卖出天通股份787万元（07-18）,福州路证券营业部机构专用数据来源：Choice数据7月18日，宁德时代、上汽集团、,2025-07-18 17:18:04,东方财富Choice数据,http://finance.eastmoney.com/a/202507183461216638.html
300750,大宗交易：ST盛屯成交206.64万元，溢价4.24%（07-18）,券股份有限公司广东分公司数据来源：Choice数据7月18日，宁德时代、上汽集团、,2025-07-18 17:18:01,东方财富Choice数据,http://finance.eastmoney.com/a/202507183461215117.html
300750,大宗交易：东贝集团成交201.3万元，折价6.07%（07-18）,公司武汉青年路证券营业部数据来源：Choice数据7月18日，宁德时代、上汽集团、,2025-07-18 17:18:16,东方财富Choice数据,http://finance.eastmoney.com/a/202507183461217494.html
300750,大宗交易：ST明诚成交98.5万元，成交价1.97元（07-18）,司武汉关山大道证券营业部数据来源：Choice数据7月18日，宁德时代、上汽集团、,2025-07-18 17:18:19,东方财富Choice数据,http://finance.eastmoney.com/a/202507183461217882.html
300750,大宗交易：特宝生物成交500.23万元，成交价75.45元（07-18）,司厦门湖滨南路证券营业部数据来源：Choice数据7月18日，宁德时代、上汽集团、,2025-07-18 17:18:07,东方财富Choice数据,http://finance.eastmoney.com/a/202507183461217166.html
300750,大宗交易：海南华铁成交235.6万元，成交价11.78元（07-18）,京建国门外大街证券营业部数据来源：Choice数据7月18日，宁德时代、上汽集团、,2025-07-18 17:18:01,东方财富Choice数据,http://finance.eastmoney.com/a/202507183461215971.html
300750,大宗交易：机构账户卖出中盐化工824.22万元（07-18）,福州路证券营业部机构专用数据来源：Choice数据7月18日，宁德时代、上汽集团、,2025-07-18 17:18:01,东方财富Choice数据,http://finance.eastmoney.com/a/202507183461215775.html
300750,大宗交易：机构账户买入德马科技606.83万元（07-18）,司杭州天目山路证券营业部数据来源：Choice数据7月18日，宁德时代、上汽集团、,2025-07-18 17:18:04,东方财富Choice数据,http://finance.eastmoney.com/a/202507183461216859.html
300750,大宗交易：齐鲁银行成交9900万元，折价4.31%（07-18）,公司重庆小新街证券营业部数据来源：Choice数据7月18日，宁德时代、上汽集团、,2025-07-18 17:18:20,东方财富Choice数据,http://finance.eastmoney.com/a/202507183461217977.html
300750,大宗交易：机构账户买入华盛锂电336.4万元（07-18）,券股份有限公司苏州分公司数据来源：Choice数据7月18日，宁德时代、上汽集团、,2025-07-18 17:17:49,东方财富Choice数据,http://finance.eastmoney.com/a/202507183461214714.html
300750,大宗交易：海目星成交1220.4万元，折价1.99%（07-18）,司武汉徐东大街证券营业部数据来源：Choice数据7月18日，宁德时代、上汽集团、,2025-07-18 17:18:07,东方财富Choice数据,http://finance.eastmoney.com/a/202507183461217279.html
300750,大宗交易：浩辰软件成交437.7万元，折价1.00%（07-18）,公司苏州邓尉路证券营业部数据来源：Choice数据7月18日，宁德时代、上汽集团、,2025-07-18 17:18:01,东方财富Choice数据,http://finance.eastmoney.com/a/202507183461215457.html
300750,大宗交易：诚意药业成交272.55万元，成交价11.85元（07-18）,融股份有限公司深圳分公司数据来源：Choice数据7月18日，宁德时代、上汽集团、,2025-07-18 17:18:04,东方财富Choice数据,http://finance.eastmoney.com/a/202507183461216439.html
300750,大宗交易：锴威特成交250.24万元，折价12.01%（07-18）,浦东新区东方路证券营业部数据来源：Choice数据7月18日，宁德时代、上汽集团、,2025-07-18 17:18:01,东方财富Choice数据,http://finance.eastmoney.com/a/202507183461214985.html
300750,大宗交易：海创药业成交347.05万元，折价14.40%（07-18）,券股份有限公司四川分公司数据来源：Choice数据7月18日，宁德时代、上汽集团、,2025-07-18 17:18:01,东方财富Choice数据,http://finance.eastmoney.com/a/202507183461215245.html
300750,大宗交易：恒烁股份成交371万元，折价2.01%（07-18）,公司合肥习友路证券营业部数据来源：Choice数据7月18日，宁德时代、上汽集团、,2025-07-18 17:18:01,东方财富Choice数据,http://finance.eastmoney.com/a/202507183461215865.html
300750,大宗交易：传音控股成交821.59万元，成交价74.69元（07-18）,公司天津育梁道证券营业部数据来源：Choice数据7月18日，宁德时代、上汽集团、,2025-07-18 17:18:01,东方财富Choice数据,http://finance.eastmoney.com/a/202507183461215679.html
300750,大宗交易：上汽集团成交1.59亿元，折价1.01%（07-18）,浦东新区松涛路证券营业部数据来源：Choice数据7月18日，宁德时代、上汽集团、,2025-07-18 17:18:01,东方财富Choice数据,http://finance.eastmoney.com/a/202507183461215551.html
300750,大宗交易：朗科智能成交566.19万元，折价7.76%（07-18）,宁德时代4271.20271.200.0059.50万1.61亿2.70002299圣农发展115.8216.06-1.49467.94,2025-07-18 16:30:26,东方财富Choice数据,http://finance.eastmoney.com/a/202507183461152410.html
300750,大宗交易：创维数字成交2110.16万元，折价0.16%（07-18）,宁德时代4271.20271.200.0059.50万1.61亿2.70002299圣农发展115.8216.06-1.49467.94,2025-07-18 16:30:26,东方财富Choice数据,http://finance.eastmoney.com/a/202507183461152729.html
300750,大宗交易：机构账户买入深城交2184万元（07-18）,宁德时代4271.20271.200.0059.50万1.61亿2.70002299圣农发展115.8216.06-1.49467.94,2025-07-18 16:30:18,东方财富Choice数据,http://finance.eastmoney.com/a/202507183461151788.html
300750,大宗交易：秀强股份成交5242.61万元，折价11.81%（07-18）,宁德时代4271.20271.200.0059.50万1.61亿2.70002299圣农发展115.8216.06-1.49467.94,2025-07-18 16:31:02,东方财富Choice数据,http://finance.eastmoney.com/a/202507183461155732.html
300750,大宗交易：机构账户买入奥赛康1482.22万元（07-18）,宁德时代4271.20271.200.0059.50万1.61亿2.70002299圣农发展115.8216.06-1.49467.94,2025-07-18 16:31:30,东方财富Choice数据,http://finance.eastmoney.com/a/202507183461156836.html
300750,大宗交易：伊戈尔成交980.4万元，成交均价16.34元（07-18）,宁德时代4271.20271.200.0059.50万1.61亿2.70002299圣农发展115.8216.06-1.49467.94,2025-07-18 16:30:26,东方财富Choice数据,http://finance.eastmoney.com/a/202507183461151975.html
300750,大宗交易：机构账户买入拓尔思5165.72万元（07-18）,司北京中信大厦证券营业部数据来源：Choice数据7月18日，宁德时代、圣农发展、,2025-07-18 16:30:26,东方财富Choice数据,http://finance.eastmoney.com/a/202507183461152391.html
300750,大宗交易：中新赛克成交2398万元，折价12.10%（07-18）,司深圳泰然九路证券营业部数据来源：Choice数据7月18日，宁德时代、圣农发展、,2025-07-18 16:31:38,东方财富Choice数据,http://finance.eastmoney.com/a/202507183461157249.html
300750,大宗交易：江南化工成交633.6万元，折价7.69%（07-18）,宁德时代4271.20271.200.0059.50万1.61亿2.70002299圣农发展115.8216.06-1.49467.94,2025-07-18 16:30:26,东方财富Choice数据,http://finance.eastmoney.com/a/202507183461151888.html
300750,大宗交易：铂科新材成交3429万元，折价21.49%（07-18）,公司北京广渠门证券营业部数据来源：Choice数据7月18日，宁德时代、圣农发展、,2025-07-18 16:31:46,东方财富Choice数据,http://finance.eastmoney.com/a/202507183461157425.html
300750,大宗交易：*ST和科成交342.4万元，折价6.40%（07-18）,券有限责任公司青岛分公司数据来源：Choice数据7月18日，宁德时代、圣农发展、,2025-07-18 16:30:40,东方财富Choice数据,http://finance.eastmoney.com/a/202507183461154246.html
300750,大宗交易：新雷能成交592.9万元，折价8.05%（07-18）,司北京金融大街证券营业部数据来源：Choice数据7月18日，宁德时代、圣农发展、,2025-07-18 16:30:40,东方财富Choice数据,http://finance.eastmoney.com/a/202507183461154534.html
300750,大宗交易：博思软件成交366万元，折价20.73%（07-18）,份有限公司福州证券营业部数据来源：Choice数据7月18日，宁德时代、圣农发展、,2025-07-18 16:31:30,东方财富Choice数据,http://finance.eastmoney.com/a/202507183461156931.html
300750,大宗交易：贝达药业成交385.33万元，折价22.33%（07-18）,份有限公司北京朝阳分公司数据来源：Choice数据7月18日，宁德时代、圣农发展、,2025-07-18 16:30:40,东方财富Choice数据,http://finance.eastmoney.com/a/202507183461153651.html
300750,大宗交易：*ST海源成交311.5万元，折价5.03%（07-18）,司上海浦东南路证券营业部数据来源：Choice数据7月18日，宁德时代、圣农发展、,2025-07-18 16:30:40,东方财富Choice数据,http://finance.eastmoney.com/a/202507183461153870.html
300750,大宗交易：指南针成交1000.01万元，折价14.03%（07-18）,北京北土城西路证券营业部数据来源：Choice数据7月18日，宁德时代、圣农发展、,2025-07-18 16:30:28,东方财富Choice数据,http://finance.eastmoney.com/a/202507183461153080.html
300750,大宗交易：通富微电成交6003.21万元，折价9.67%（07-18）,京建国门外大街证券营业部数据来源：Choice数据7月18日，宁德时代、圣农发展、,2025-07-18 16:30:26,东方财富Choice数据,http://finance.eastmoney.com/a/202507183461152676.html
300750,大宗交易：机构账户卖出ST晨鸣75.9万元（07-18）,任公司深南分公司机构专用数据来源：Choice数据7月18日，宁德时代、圣农发展、,2025-07-18 16:30:40,东方财富Choice数据,http://finance.eastmoney.com/a/202507183461154472.html
300750,大宗交易：沪电股份成交242.55万元，折价4.99%（07-18）,公司丹东三经街证券营业部数据来源：Choice数据7月18日，宁德时代、圣农发展、,2025-07-18 16:30:40,东方财富Choice数据,http://finance.eastmoney.com/a/202507183461153547.html
300750,大宗交易：浙富控股成交113.59万元，折价12.84%（07-18）,州海运国际大厦证券营业部数据来源：Choice数据7月18日，宁德时代、圣农发展、,2025-07-18 16:30:26,东方财富Choice数据,http://finance.eastmoney.com/a/202507183461152090.html
300750,大宗交易：华凯易佰成交554.5万元，折价1.51%（07-18）,公司武汉中北路证券营业部数据来源：Choice数据7月18日，宁德时代、圣农发展、,2025-07-18 16:30:26,东方财富Choice数据,http://finance.eastmoney.com/a/202507183461152584.html
300750,大宗交易：机构账户卖出大北农557.35万元（07-18）,福州路证券营业部机构专用数据来源：Choice数据7月18日，宁德时代、圣农发展、,2025-07-18 16:30:40,东方财富Choice数据,http://finance.eastmoney.com/a/202507183461153971.html
300750,大宗交易：伟隆股份成交523.16万元，溢价9.95%（07-18）,司深圳福华三路证券营业部数据来源：Choice数据7月18日，宁德时代、圣农发展、,2025-07-18 16:30:26,东方财富Choice数据,http://finance.eastmoney.com/a/202507183461152149.html
300750,大宗交易：贤丰控股成交700万元，折价8.07%（07-18）,限公司深圳景田证券营业部数据来源：Choice数据7月18日，宁德时代、圣农发展、,2025-07-18 16:30:26,东方财富Choice数据,http://finance.eastmoney.com/a/202507183461152229.html
300750,全球酒店业“巨无霸”锦江冲击港股IPO,如“全球动力电池龙头”宁德时代（300750.SZ；03750.HK）5月份在港股敲钟，有望成为三年内港股最大IPO；同月,2025-07-18 14:26:13,界面新闻,http://finance.eastmoney.com/a/202507183461049266.html
300750,A500ETF基金(512050)红盘向上，机构：“反内卷”有两类受益方向,数(000510)前十大权重股分别为贵州茅台(600519)、宁德时代300750、,2025-07-18 11:57:59,界面新闻,http://finance.eastmoney.com/a/202507183460946690.html
300750,创业板融资余额九连增,300750宁德时代65.782.44300015爱尔眼科27.29-0.84300059东方财富231.902.18300274,2025-07-18 09:40:11,证券时报网,http://finance.eastmoney.com/a/202507183460812727.html
300750,全固态电池后续有望应用于eVTOL等领域，新能车ETF(515700)涨超1.5%冲击3连涨,0日，中证新能源汽车产业指数(930997)前十大权重股分别为宁德时代300750、汇川技术,2025-07-18 10:08:12,界面新闻,http://finance.eastmoney.com/a/202507183460857877.html
300750,财政部、税务总局调整超豪华小汽车消费税政策，新能车ETF(515700)开盘涨超1%,0日，中证新能源汽车产业指数(930997)前十大权重股分别为宁德时代300750、汇川技术,2025-07-18 10:06:54,界面新闻,http://finance.eastmoney.com/a/202507183460853177.html
300750,成分股万华化学大涨，新材料ETF指数基金(516890)涨超1.7%,数(H30597)前十大权重股分别为北方华创(002371)、宁德时代300750、,2025-07-18 10:07:50,界面新闻,http://finance.eastmoney.com/a/202507183460854278.html
300750,极氪估值两年半内“腰斩” 宁德时代、越秀资本曾高位接盘,宁德时代（300750.SZ，03750.HK）以及越秀资本（000987.SZ）旗下的越秀产业基金等投资者，在2023年,2025-07-18 00:28:06,第一财经,http://finance.eastmoney.com/a/202507173460246067.html
300750,深沪北百元股数量达95只，电子行业占比最高,宁德时代265.500.420.37电力设备688235百济神州250.854.550.03医药生物603129春风动力231.400.470.90,2025-07-17 20:15:55,证券时报网,http://finance.eastmoney.com/a/202507173460132724.html
300750,宁德时代未来能源上海研究院公司增资至3.2亿元,南方财经7月17日电，天眼查App显示，近日，宁德时代未来能源（上海）研究院有限公司发生工商变更，注册资本由2亿人民币增至,2025-07-17 16:19:35,南方财经网,http://finance.eastmoney.com/a/202507173459942648.html
300750,A500ETF基金(512050)涨超1%，机构：短期新的政策线索较为关键,数(000510)前十大权重股分别为贵州茅台(600519)、宁德时代300750、中国平安(601318,2025-07-17 15:04:09,界面新闻,http://finance.eastmoney.com/a/202507173459872197.html
